cycle_id,user_id,cycle_start_date,period_end_date,period_length_days,cycle_length_days,flow_intensity_avg,ovulation_est_date
e2f1b2fa,none_01,2024-01-01,2024-01-05,5,28,2.5,2024-01-15
8a88e765,none_01,2024-01-29,2024-02-02,5,29,3.1,2024-02-13
6199a06b,none_01,2024-02-27,2024-03-02,5,30,3.2,2024-03-14
bcbbb45b,none_01,2024-03-28,2024-04-02,6,30,3.0,2024-04-13
9c058802,none_01,2024-04-27,2024-05-01,5,26,4.1,2024-05-09
804b1a30,none_01,2024-05-23,2024-05-26,4,27,3.3,2024-06-05
7c3fe3e2,none_01,2024-06-19,2024-06-24,6,29,2.3,2024-07-04
a5e4efc5,none_01,2024-07-18,2024-07-24,7,28,2.4,2024-08-01
03ac2267,none_01,2024-08-15,2024-08-19,5,28,2.8,2024-08-29
8a11aef4,none_01,2024-09-12,2024-09-16,5,30,2.5,2024-09-28
98678ae7,none_01,2024-10-12,2024-10-16,5,25,4.0,2024-10-23
5ab03a82,none_01,2024-11-06,2024-11-09,4,27,3.1,2024-11-19
56ec6625,none_01,2024-12-03,2024-12-08,6,27,2.7,2024-12-16
538bc4f8,none_01,2024-12-30,2025-01-02,4,26,2.1,2025-01-11
92f198c2,none_01,2025-01-25,2025-01-29,5,27,2.3,2025-02-07
1b307bce,none_01,2025-02-21,2025-02-25,5,28,3.4,2025-03-07
fe19b626,none_01,2025-03-21,2025-03-25,5,30,3.1,2025-04-06
d49546ca,none_01,2025-04-20,2025-04-24,5,26,2.2,2025-05-02
0eefd38a,none_01,2025-05-16,2025-05-22,7,29,2.6,2025-05-31
5a3a3702,none_01,2025-06-14,2025-06-18,5,30,3.1,2025-06-30
39956ef8,none_01,2025-07-14,2025-07-17,4,28,2.0,2025-07-28
6bbfaab8,none_01,2025-08-11,2025-08-15,5,,3.3,
2d4d831b,none_02,2024-01-01,2024-01-04,4,29,2.5,2024-01-16
155e542c,none_02,2024-01-30,2024-02-03,5,28,1.4,2024-02-13
13bce3e3,none_02,2024-02-27,2024-03-02,5,28,2.9,2024-03-12
a630ea4b,none_02,2024-03-26,2024-03-31,6,31,2.8,2024-04-12
40b52154,none_02,2024-04-26,2024-04-29,4,25,2.8,2024-05-07
4087732e,none_02,2024-05-21,2024-05-24,4,27,3.5,2024-06-03
8cea7a0d,none_02,2024-06-17,2024-06-20,4,27,1.7,2024-06-30
685114a0,none_02,2024-07-14,2024-07-18,5,28,3.3,2024-07-28
02edf9c6,none_02,2024-08-11,2024-08-15,5,28,3.3,2024-08-25
e5f42251,none_02,2024-09-08,2024-09-13,6,29,2.6,2024-09-23
fdb0d64b,none_02,2024-10-07,2024-10-11,5,30,2.4,2024-10-23
3d658db9,none_02,2024-11-06,2024-11-09,4,29,1.9,2024-11-21
c0c8668d,none_02,2024-12-05,2024-12-08,4,29,2.2,2024-12-20
7f6a875e,none_02,2025-01-03,2025-01-06,4,26,2.7,2025-01-15
5146b282,none_02,2025-01-29,2025-02-01,4,31,3.0,2025-02-15
346001fc,none_02,2025-03-01,2025-03-05,5,31,1.9,2025-03-18
3fcc2c41,none_02,2025-04-01,2025-04-06,6,28,3.4,2025-04-15
7860641f,none_02,2025-04-29,2025-05-05,7,28,2.1,2025-05-13
f8e4d0da,none_02,2025-05-27,2025-05-31,5,27,2.5,2025-06-09
167bdbf2,none_02,2025-06-23,2025-06-27,5,28,3.1,2025-07-07
295ebca3,none_02,2025-07-21,2025-07-26,6,29,3.3,2025-08-05
636d371e,none_02,2025-08-19,2025-08-23,5,,2.8,
af295946,none_03,2024-01-01,2024-01-06,6,29,2.0,2024-01-16
5d11d809,none_03,2024-01-30,2024-02-03,5,28,2.9,2024-02-13
45c96c85,none_03,2024-02-27,2024-03-02,5,27,3.5,2024-03-11
e5ace2d3,none_03,2024-03-25,2024-03-30,6,27,2.7,2024-04-07
613a64f2,none_03,2024-04-21,2024-04-25,5,27,2.9,2024-05-04
0c2428dc,none_03,2024-05-18,2024-05-23,6,27,4.3,2024-05-31
1a7b5596,none_03,2024-06-14,2024-06-18,5,26,2.6,2024-06-26
0c077419,none_03,2024-07-10,2024-07-14,5,27,2.6,2024-07-23
7f3a21cf,none_03,2024-08-06,2024-08-11,6,28,3.5,2024-08-20
d9b52b6d,none_03,2024-09-03,2024-09-06,4,27,2.1,2024-09-16
c46a62e2,none_03,2024-09-30,2024-10-05,6,30,1.4,2024-10-16
4c56d9c8,none_03,2024-10-30,2024-11-04,6,26,1.9,2024-11-11
eb4c7688,none_03,2024-11-25,2024-11-30,6,28,1.8,2024-12-09
c637bc6e,none_03,2024-12-23,2024-12-27,5,28,3.0,2025-01-06
f6e0ae92,none_03,2025-01-20,2025-01-26,7,27,3.6,2025-02-02
da392612,none_03,2025-02-16,2025-02-19,4,29,3.4,2025-03-03
f726d174,none_03,2025-03-17,2025-03-20,4,26,4.0,2025-03-29
561c8d05,none_03,2025-04-12,2025-04-17,6,31,2.7,2025-04-29
68ac993e,none_03,2025-05-13,2025-05-15,3,31,2.7,2025-05-30
4f53270b,none_03,2025-06-13,2025-06-18,6,25,3.6,2025-06-24
de2c6454,none_03,2025-07-08,2025-07-12,5,31,2.9,2025-07-25
55fbb76e,none_03,2025-08-08,2025-08-12,5,,2.4,
58e0ef11,none_04,2024-01-01,2024-01-05,5,27,3.3,2024-01-14
4e3610c7,none_04,2024-01-28,2024-02-01,5,25,2.5,2024-02-08
8395c356,none_04,2024-02-22,2024-02-26,5,27,2.8,2024-03-06
81d64343,none_04,2024-03-20,2024-03-23,4,29,2.4,2024-04-04
95f3f997,none_04,2024-04-18,2024-04-23,6,25,1.6,2024-04-29
a52e1b59,none_04,2024-05-13,2024-05-18,6,27,3.8,2024-05-26
d3345c1d,none_04,2024-06-09,2024-06-13,5,28,1.5,2024-06-23
ef5c89a4,none_04,2024-07-07,2024-07-11,5,29,1,2024-07-22
a54955e4,none_04,2024-08-05,2024-08-09,5,26,1.8,2024-08-17
593b4390,none_04,2024-08-31,2024-09-04,5,30,2.1,2024-09-16
e39668dd,none_04,2024-09-30,2024-10-04,5,27,2.1,2024-10-13
4728ba51,none_04,2024-10-27,2024-11-01,6,30,1.9,2024-11-12
d83f98ce,none_04,2024-11-26,2024-11-29,4,29,3.0,2024-12-11
466a803d,none_04,2024-12-25,2024-12-30,6,29,2.7,2025-01-09
1423a754,none_04,2025-01-23,2025-01-28,6,28,2.3,2025-02-06
5789286d,none_04,2025-02-20,2025-02-24,5,30,3.4,2025-03-08
5f578bd7,none_04,2025-03-22,2025-03-25,4,29,3.4,2025-04-06
9c3b55d2,none_04,2025-04-20,2025-04-24,5,31,2.6,2025-05-07
411b2f3a,none_04,2025-05-21,2025-05-24,4,29,3.1,2025-06-05
d4cae818,none_04,2025-06-19,2025-06-25,7,28,2.7,2025-07-03
f0066134,none_04,2025-07-17,2025-07-22,6,28,3.3,2025-07-31
6744f33f,none_04,2025-08-14,2025-08-18,5,,1.4,
d1f5b373,none_05,2024-01-01,2024-01-05,5,31,2.7,2024-01-18
f5cfe172,none_05,2024-02-01,2024-02-05,5,29,3.1,2024-02-16
ade6b14c,none_05,2024-03-01,2024-03-05,5,29,1,2024-03-16
cf4e16ed,none_05,2024-03-30,2024-04-03,5,29,3.0,2024-04-14
50f4cefb,none_05,2024-04-28,2024-05-03,6,29,2.9,2024-05-13
08665e97,none_05,2024-05-27,2024-05-31,5,28,1.5,2024-06-10
f8584c9f,none_05,2024-06-24,2024-06-28,5,29,3.2,2024-07-09
c7d0fbc8,none_05,2024-07-23,2024-07-26,4,26,2.5,2024-08-04
36fe690c,none_05,2024-08-18,2024-08-23,6,29,3.2,2024-09-02
aba7b9e5,none_05,2024-09-16,2024-09-22,7,30,1.9,2024-10-02
f8aeb64d,none_05,2024-10-16,2024-10-20,5,28,2.8,2024-10-30
98241888,none_05,2024-11-13,2024-11-15,3,27,2.3,2024-11-26
7d4444e0,none_05,2024-12-10,2024-12-12,3,25,2.4,2024-12-21
2c9877cf,none_05,2025-01-04,2025-01-09,6,28,4.2,2025-01-18
7096ebca,none_05,2025-02-01,2025-02-06,6,29,3.3,2025-02-16
220ab62a,none_05,2025-03-02,2025-03-05,4,31,3.1,2025-03-19
fb7faaa8,none_05,2025-04-02,2025-04-06,5,25,3.4,2025-04-13
5e419d8e,none_05,2025-04-27,2025-05-02,6,29,3.4,2025-05-12
9ea2c352,none_05,2025-05-26,2025-05-28,3,31,2.9,2025-06-12
01f605cf,none_05,2025-06-26,2025-06-30,5,28,2.8,2025-07-10
9066f256,none_05,2025-07-24,2025-07-27,4,26,2.5,2025-08-05
0fc4ce9f,none_05,2025-08-19,2025-08-23,5,,3.1,
7712819f,none_06,2024-01-01,2024-01-04,4,26,3.0,2024-01-13
dcc4de8f,none_06,2024-01-27,2024-02-01,6,29,3.3,2024-02-11
6992871d,none_06,2024-02-25,2024-02-28,4,28,3.7,2024-03-10
b3a1f4fb,none_06,2024-03-24,2024-03-27,4,27,2.2,2024-04-06
5f1043d4,none_06,2024-04-20,2024-04-25,6,27,4.0,2024-05-03
376a035c,none_06,2024-05-17,2024-05-21,5,27,3.0,2024-05-30
17866f75,none_06,2024-06-13,2024-06-18,6,30,3.0,2024-06-29
8915942b,none_06,2024-07-13,2024-07-16,4,31,2.8,2024-07-30
445f1f9b,none_06,2024-08-13,2024-08-17,5,26,2.4,2024-08-25
4e09a57b,none_06,2024-09-08,2024-09-13,6,29,3.2,2024-09-23
8a916de8,none_06,2024-10-07,2024-10-11,5,28,3.3,2024-10-21
c56cf95e,none_06,2024-11-04,2024-11-07,4,27,3.1,2024-11-17
d03c6136,none_06,2024-12-01,2024-12-06,6,29,2.6,2024-12-16
1def52d7,none_06,2024-12-30,2025-01-03,5,26,2.6,2025-01-11
b5617649,none_06,2025-01-25,2025-01-27,3,27,2.5,2025-02-07
cc10d00e,none_06,2025-02-21,2025-02-26,6,28,2.4,2025-03-07
9182955b,none_06,2025-03-21,2025-03-25,5,26,3.1,2025-04-02
ddc8883f,none_06,2025-04-16,2025-04-22,7,30,2.5,2025-05-02
3ed1f383,none_06,2025-05-16,2025-05-20,5,26,2.4,2025-05-28
66ce7adf,none_06,2025-06-11,2025-06-13,3,30,2.7,2025-06-27
f507c181,none_06,2025-07-11,2025-07-14,4,30,3.7,2025-07-27
b4766e32,none_06,2025-08-10,2025-08-14,5,,3.3,
8a5f8205,pcos_01,2024-01-01,2024-01-10,10,28,3.7,2024-01-15
38b4e3c7,pcos_01,2024-01-29,2024-02-08,11,92,2.9,2024-04-16
21dd658f,pcos_01,2024-04-30,2024-05-06,7,49,2.6,2024-06-04
69a50238,pcos_01,2024-06-18,2024-06-24,7,34,2.6,2024-07-08
ec977b95,pcos_01,2024-07-22,2024-07-24,3,44,2.5,2024-08-21
0c075be3,pcos_01,2024-09-04,2024-09-08,5,45,3.3,2024-10-05
4ecd68a9,pcos_01,2024-10-19,2024-10-20,2,47,3.4,2024-11-21
ac4de73b,pcos_01,2024-12-05,2024-12-10,6,40,4.7,2024-12-31
6433c303,pcos_01,2025-01-14,2025-01-18,5,36,4.0,2025-02-05
b4dff2aa,pcos_01,2025-02-19,2025-02-25,7,45,2.3,2025-03-22
e194f0ae,pcos_01,2025-04-05,2025-04-12,8,50,2.5,2025-05-11
b0e4eacf,pcos_01,2025-05-25,2025-05-29,5,50,3.8,2025-06-30
d9a081cb,pcos_01,2025-07-14,2025-07-21,8,,3.3,
5f3454ff,pcos_02,2024-01-01,2024-01-04,4,32,3.6,2024-01-19
d472e3e9,pcos_02,2024-02-02,2024-02-08,7,65,3.1,2024-03-24
78ee59f2,pcos_02,2024-04-07,2024-04-11,5,42,2.3,2024-05-05
79fdb8c0,pcos_02,2024-05-19,2024-05-20,2,51,2.5,2024-06-25
7f7695c4,pcos_02,2024-07-09,2024-07-13,5,46,4.4,2024-08-10
ab815ee8,pcos_02,2024-08-24,2024-08-28,5,44,4.3,2024-09-23
cceb54b7,pcos_02,2024-10-07,2024-10-12,6,42,2.5,2024-11-04
1fbd79f8,pcos_02,2024-11-18,2024-11-23,6,54,3.6,2024-12-28
52360f47,pcos_02,2025-01-11,2025-01-15,5,42,4.3,2025-02-08
4e84544a,pcos_02,2025-02-22,2025-02-27,6,55,2.4,2025-04-04
6ef442e8,pcos_02,2025-04-18,2025-04-20,3,45,2.5,2025-05-19
bde93b63,pcos_02,2025-06-02,2025-06-04,3,54,2.5,2025-07-12
e2782b2e,pcos_02,2025-07-26,2025-08-01,7,,3.0,
32fcd256,pcos_03,2024-01-01,2024-01-03,3,37,4.1,2024-01-24
fda9e8d2,pcos_03,2024-02-07,2024-02-12,6,36,3.3,2024-02-29
120d46c3,pcos_03,2024-03-14,2024-03-18,5,64,3.7,2024-05-03
78010629,pcos_03,2024-05-17,2024-05-24,8,36,3.8,2024-06-08
5eafde4b,pcos_03,2024-06-22,2024-06-29,8,36,3.8,2024-07-14
cb6e06e8,pcos_03,2024-07-28,2024-08-03,7,31,3.4,2024-08-14
0924bbcc,pcos_03,2024-08-28,2024-08-29,2,33,2.6,2024-09-16
ad739f65,pcos_03,2024-09-30,2024-10-06,7,40,3.1,2024-10-26
0386d288,pcos_03,2024-11-09,2024-11-15,7,57,3.2,2024-12-22
a3b24931,pcos_03,2025-01-05,2025-01-07,3,31,3.5,2025-01-22
dd4bd9d5,pcos_03,2025-02-05,2025-02-11,7,42,3.0,2025-03-05
309f2fef,pcos_03,2025-03-19,2025-03-23,5,54,5,2025-04-28
9a02d682,pcos_03,2025-05-12,2025-05-14,3,37,3.6,2025-06-04
da9b5310,pcos_03,2025-06-18,2025-06-19,2,33,2.1,2025-07-07
550077fe,pcos_03,2025-07-21,2025-07-24,4,,2.1,
0781cf6b,pcos_04,2024-01-01,2024-01-04,4,46,1.4,2024-02-02
0aab1466,pcos_04,2024-02-16,2024-02-24,9,44,3.6,2024-03-17
6dccb18b,pcos_04,2024-03-31,2024-04-04,5,38,3.7,2024-04-24
9eb3b92e,pcos_04,2024-05-08,2024-05-11,4,41,3.7,2024-06-04
5ba61b8c,pcos_04,2024-06-18,2024-06-22,5,36,1.3,2024-07-10
85d5e2af,pcos_04,2024-07-24,2024-07-27,4,27,2.1,2024-08-06
8c6ed058,pcos_04,2024-08-20,2024-08-25,6,43,3.4,2024-09-18
4c6f702a,pcos_04,2024-10-02,2024-10-07,6,54,2.7,2024-11-11
6744f385,pcos_04,2024-11-25,2024-11-27,3,72,3.1,2025-01-22
c22ca7e2,pcos_04,2025-02-05,2025-02-09,5,42,4.4,2025-03-05
2fff8d30,pcos_04,2025-03-19,2025-03-25,7,47,2.6,2025-04-21
8f5f207a,pcos_04,2025-05-05,2025-05-07,3,75,3.4,2025-07-05
268bbf53,pcos_04,2025-07-19,2025-07-23,5,31,3.4,2025-08-05
8c9ae310,pcos_04,2025-08-19,2025-08-21,3,,2.9,
682749fa,pcos_05,2024-01-01,2024-01-05,5,45,1.6,2024-02-01
95508093,pcos_05,2024-02-15,2024-02-21,7,36,3.4,2024-03-08
1e1fdbee,pcos_05,2024-03-22,2024-03-26,5,44,2.9,2024-04-21
8d1376e6,pcos_05,2024-05-05,2024-05-10,6,48,2.2,2024-06-08
8932911a,pcos_05,2024-06-22,2024-06-23,2,43,3.2,2024-07-21
11c4b835,pcos_05,2024-08-04,2024-08-07,4,35,3.2,2024-08-25
0df7bf72,pcos_05,2024-09-08,2024-09-16,9,59,4.7,2024-10-23
b9c4f6ed,pcos_05,2024-11-06,2024-11-08,3,38,3.6,2024-11-30
bc0e796f,pcos_05,2024-12-14,2024-12-22,9,36,2.8,2025-01-05
ff2091ac,pcos_05,2025-01-19,2025-01-24,6,51,4.9,2025-02-25
b6eac499,pcos_05,2025-03-11,2025-03-15,5,48,3.4,2025-04-14
f4881a2c,pcos_05,2025-04-28,2025-05-01,4,53,2.7,2025-06-06
e49091b2,pcos_05,2025-06-20,2025-06-26,7,43,4.0,2025-07-19
12bd8345,pcos_05,2025-08-02,2025-08-07,6,,5,
4fd27f47,pcos_06,2024-01-01,2024-01-03,3,49,3.4,2024-02-05
d93b7fce,pcos_06,2024-02-19,2024-02-27,9,54,4.3,2024-03-30
eedd84a5,pcos_06,2024-04-13,2024-04-18,6,35,4.0,2024-05-04
4b28a4a1,pcos_06,2024-05-18,2024-05-23,6,78,3.0,2024-07-21
dcfbbaac,pcos_06,2024-08-04,2024-08-09,6,26,3.8,2024-08-16
d725a4a0,pcos_06,2024-08-30,2024-09-03,5,48,4.7,2024-10-03
88c36e62,pcos_06,2024-10-17,2024-10-20,4,42,1.8,2024-11-14
9be43703,pcos_06,2024-11-28,2024-12-06,9,26,3.3,2024-12-10
5c5873d9,pcos_06,2024-12-24,2024-12-28,5,26,1.0,2025-01-05
69b3cd35,pcos_06,2025-01-19,2025-01-23,5,26,2.5,2025-01-31
c6ad8b46,pcos_06,2025-02-14,2025-02-22,9,51,3.8,2025-03-23
9fb37877,pcos_06,2025-04-06,2025-04-11,6,45,1.9,2025-05-07
c6dc9bad,pcos_06,2025-05-21,2025-05-22,2,56,4.0,2025-07-02
a9c45e7a,pcos_06,2025-07-16,2025-07-25,10,,3.6,
53997f79,hypothyroid_01,2024-01-01,2024-01-06,6,32,3.3,2024-01-19
61c2cf3b,hypothyroid_01,2024-02-02,2024-02-07,6,33,3.5,2024-02-21
fbeac329,hypothyroid_01,2024-03-06,2024-03-11,6,39,3.9,2024-03-31
43e0721e,hypothyroid_01,2024-04-14,2024-04-21,8,31,3.6,2024-05-01
1ce53f6f,hypothyroid_01,2024-05-15,2024-05-19,5,31,2.6,2024-06-01
1c26592a,hypothyroid_01,2024-06-15,2024-06-22,8,33,3.8,2024-07-04
520defbf,hypothyroid_01,2024-07-18,2024-07-24,7,34,3.8,2024-08-07
389fdf13,hypothyroid_01,2024-08-21,2024-08-27,7,40,5,2024-09-16
e50f91ca,hypothyroid_01,2024-09-30,2024-10-06,7,43,3.6,2024-10-29
05061154,hypothyroid_01,2024-11-12,2024-11-16,5,38,3.6,2024-12-06
9072599d,hypothyroid_01,2024-12-20,2024-12-25,6,35,2.7,2025-01-10
1b5a72a6,hypothyroid_01,2025-01-24,2025-01-30,7,41,3.3,2025-02-20
e42e9f9f,hypothyroid_01,2025-03-06,2025-03-10,5,35,3.6,2025-03-27
f93b455d,hypothyroid_01,2025-04-10,2025-04-19,10,33,3.6,2025-04-29
31c28ac6,hypothyroid_01,2025-05-13,2025-05-18,6,27,3.8,2025-05-26
f6fe3fee,hypothyroid_01,2025-06-09,2025-06-16,8,26,3.5,2025-06-21
4e9a7b52,hypothyroid_01,2025-07-05,2025-07-10,6,30,2.9,2025-07-21
7bba2db2,hypothyroid_01,2025-08-04,2025-08-12,9,,4.7,
f5080d50,hypothyroid_02,2024-01-01,2024-01-09,9,40,3.6,2024-01-27
8a2cff91,hypothyroid_02,2024-02-10,2024-02-17,8,30,3.5,2024-02-26
96114a9b,hypothyroid_02,2024-03-11,2024-03-18,8,42,2.5,2024-04-08
b49640a0,hypothyroid_02,2024-04-22,2024-04-28,7,41,3.1,2024-05-19
b0ad640d,hypothyroid_02,2024-06-02,2024-06-08,7,41,3.8,2024-06-29
c37133c5,hypothyroid_02,2024-07-13,2024-07-17,5,40,3.4,2024-08-08
4f477ee2,hypothyroid_02,2024-08-22,2024-08-30,9,41,3.7,2024-09-18
2c0c7b03,hypothyroid_02,2024-10-02,2024-10-08,7,28,3.2,2024-10-16
4e28c44f,hypothyroid_02,2024-10-30,2024-11-08,10,41,4.6,2024-11-26
7fac761b,hypothyroid_02,2024-12-10,2024-12-17,8,34,4.1,2024-12-30
f1bd3208,hypothyroid_02,2025-01-13,2025-01-17,5,33,3.4,2025-02-01
769d84a9,hypothyroid_02,2025-02-15,2025-02-20,6,34,2.3,2025-03-07
8f08fbb3,hypothyroid_02,2025-03-21,2025-03-26,6,32,3.6,2025-04-08
f7f70c2f,hypothyroid_02,2025-04-22,2025-04-27,6,26,4.9,2025-05-04
c13a1bb5,hypothyroid_02,2025-05-18,2025-05-24,7,41,2.9,2025-06-14
7f302efb,hypothyroid_02,2025-06-28,2025-07-01,4,38,4.2,2025-07-22
c3f19414,hypothyroid_02,2025-08-05,2025-08-08,4,,3.5,
380cfd79,hypothyroid_03,2024-01-01,2024-01-05,5,26,4.2,2024-01-13
f95f3d76,hypothyroid_03,2024-01-27,2024-02-03,8,27,4.2,2024-02-09
c1af787a,hypothyroid_03,2024-02-23,2024-02-29,7,40,5,2024-03-20
53ecaab0,hypothyroid_03,2024-04-03,2024-04-08,6,34,3.7,2024-04-23
a69478f8,hypothyroid_03,2024-05-07,2024-05-13,7,34,3.9,2024-05-27
7dcb154e,hypothyroid_03,2024-06-10,2024-06-15,6,33,4.1,2024-06-29
8609fec2,hypothyroid_03,2024-07-13,2024-07-19,7,29,4.4,2024-07-28
0494c765,hypothyroid_03,2024-08-11,2024-08-19,9,39,4.3,2024-09-05
1d57d1c9,hypothyroid_03,2024-09-19,2024-09-24,6,35,3.5,2024-10-10
24a69996,hypothyroid_03,2024-10-24,2024-11-02,10,26,3.0,2024-11-05
8168a4d7,hypothyroid_03,2024-11-19,2024-11-26,8,42,3.6,2024-12-17
304d1231,hypothyroid_03,2024-12-31,2025-01-04,5,38,4.0,2025-01-24
2a8cf14f,hypothyroid_03,2025-02-07,2025-02-14,8,31,4.1,2025-02-24
0821c211,hypothyroid_03,2025-03-10,2025-03-16,7,42,3.9,2025-04-07
43a59fe5,hypothyroid_03,2025-04-21,2025-04-30,10,30,3.4,2025-05-07
2b1626fa,hypothyroid_03,2025-05-21,2025-05-27,7,35,4.3,2025-06-11
0abd90ac,hypothyroid_03,2025-06-25,2025-06-28,4,33,4.2,2025-07-14
9e357bfd,hypothyroid_03,2025-07-28,2025-07-31,4,,3.8,
310bfa17,hypothyroid_04,2024-01-01,2024-01-09,9,35,3.8,2024-01-22
6fe00b0e,hypothyroid_04,2024-02-05,2024-02-09,5,26,3.4,2024-02-17
c1acf79e,hypothyroid_04,2024-03-02,2024-03-07,6,31,4.1,2024-03-19
cbf371c9,hypothyroid_04,2024-04-02,2024-04-06,5,28,3.6,2024-04-16
9bdde5db,hypothyroid_04,2024-04-30,2024-05-04,5,34,3.4,2024-05-20
276d0d5c,hypothyroid_04,2024-06-03,2024-06-08,6,32,3.8,2024-06-21
74c010c6,hypothyroid_04,2024-07-05,2024-07-13,9,32,4.0,2024-07-23
d67254f8,hypothyroid_04,2024-08-06,2024-08-13,8,34,4.1,2024-08-26
9fb7bb21,hypothyroid_04,2024-09-09,2024-09-15,7,28,4.0,2024-09-23
b3533eeb,hypothyroid_04,2024-10-07,2024-10-14,8,26,3.4,2024-10-19
42a790a3,hypothyroid_04,2024-11-02,2024-11-10,9,28,3.8,2024-11-16
4814732d,hypothyroid_04,2024-11-30,2024-12-05,6,27,4.3,2024-12-13
46f99edb,hypothyroid_04,2024-12-27,2025-01-01,6,32,3.9,2025-01-14
f721eafc,hypothyroid_04,2025-01-28,2025-02-01,5,38,3.4,2025-02-21
17424f6e,hypothyroid_04,2025-03-07,2025-03-14,8,37,3.4,2025-03-30
264cdc76,hypothyroid_04,2025-04-13,2025-04-21,9,34,4.4,2025-05-03
4911d395,hypothyroid_04,2025-05-17,2025-05-22,6,35,3.5,2025-06-07
f823c566,hypothyroid_04,2025-06-21,2025-06-28,8,39,4.6,2025-07-16
595c9074,hypothyroid_04,2025-07-30,2025-08-06,8,,4.2,
5d36cd29,hypothyroid_05,2024-01-01,2024-01-06,6,36,3.4,2024-01-23
f337992c,hypothyroid_05,2024-02-06,2024-02-11,6,36,4.2,2024-02-28
17c59266,hypothyroid_05,2024-03-13,2024-03-19,7,33,3.5,2024-04-01
2a20e7bb,hypothyroid_05,2024-04-15,2024-04-19,5,31,3.6,2024-05-02
5ea59405,hypothyroid_05,2024-05-16,2024-05-22,7,31,3.0,2024-06-02
d626be0a,hypothyroid_05,2024-06-16,2024-06-21,6,40,2.8,2024-07-12
02559d0b,hypothyroid_05,2024-07-26,2024-07-31,6,34,3.4,2024-08-15
7e428f40,hypothyroid_05,2024-08-29,2024-09-05,8,41,4.0,2024-09-25
96179a3b,hypothyroid_05,2024-10-09,2024-10-16,8,41,4.6,2024-11-05
96c8ef42,hypothyroid_05,2024-11-19,2024-11-25,7,28,4.3,2024-12-03
a019429d,hypothyroid_05,2024-12-17,2024-12-24,8,31,3.2,2025-01-03
db8d36e7,hypothyroid_05,2025-01-17,2025-01-22,6,36,2.8,2025-02-08
38f1c2a6,hypothyroid_05,2025-02-22,2025-03-01,8,34,2.7,2025-03-14
43a97b5f,hypothyroid_05,2025-03-28,2025-04-06,10,34,5,2025-04-17
0df7f0b7,hypothyroid_05,2025-05-01,2025-05-09,9,27,3.0,2025-05-14
959d9f63,hypothyroid_05,2025-05-28,2025-06-03,7,36,5,2025-06-19
04a5608d,hypothyroid_05,2025-07-03,2025-07-09,7,36,3.3,2025-07-25
3a81daf7,hypothyroid_05,2025-08-08,2025-08-12,5,,3.3,
f52c86f6,hypothyroid_06,2024-01-01,2024-01-05,5,30,4.2,2024-01-17
bd4fbf3a,hypothyroid_06,2024-01-31,2024-02-06,7,33,3.9,2024-02-19
621d6e6b,hypothyroid_06,2024-03-04,2024-03-10,7,44,3.1,2024-04-03
d84f6f50,hypothyroid_06,2024-04-17,2024-04-24,8,27,3.5,2024-04-30
474a5ab3,hypothyroid_06,2024-05-14,2024-05-19,6,35,4.6,2024-06-04
68b8600a,hypothyroid_06,2024-06-18,2024-06-25,8,43,4.4,2024-07-17
fff0b2b3,hypothyroid_06,2024-07-31,2024-08-06,7,39,4.3,2024-08-25
53842c77,hypothyroid_06,2024-09-08,2024-09-15,8,32,3.1,2024-09-26
327851ff,hypothyroid_06,2024-10-10,2024-10-19,10,31,4.3,2024-10-27
110aba64,hypothyroid_06,2024-11-10,2024-11-17,8,34,3.8,2024-11-30
9669cd01,hypothyroid_06,2024-12-14,2024-12-18,5,34,3.9,2025-01-03
2f6ce750,hypothyroid_06,2025-01-17,2025-01-24,8,36,3.8,2025-02-08
9bef2020,hypothyroid_06,2025-02-22,2025-02-28,7,29,3.0,2025-03-09
c64cb665,hypothyroid_06,2025-03-23,2025-03-31,9,39,3.1,2025-04-17
1129e248,hypothyroid_06,2025-05-01,2025-05-07,7,33,3.9,2025-05-20
0c7a6177,hypothyroid_06,2025-06-03,2025-06-09,7,35,4.3,2025-06-24
897fd07e,hypothyroid_06,2025-07-08,2025-07-14,7,35,4.7,2025-07-29
a989b6f4,hypothyroid_06,2025-08-12,2025-08-19,8,,4.1,
f0ea0450,hyperthyroid_01,2024-01-01,2024-01-01,1,29,2.9,2024-01-16
df44a7bc,hyperthyroid_01,2024-01-30,2024-02-03,5,25,2.0,2024-02-10
b74d723c,hyperthyroid_01,2024-02-24,2024-02-26,3,27,1.1,2024-03-08
14809c71,hyperthyroid_01,2024-03-22,2024-03-24,3,27,1.6,2024-04-04
74a67632,hyperthyroid_01,2024-04-18,2024-04-21,4,25,1.2,2024-04-29
2ca2d95a,hyperthyroid_01,2024-05-13,2024-05-14,2,22,1.8,2024-05-21
cbe8a670,hyperthyroid_01,2024-06-04,2024-06-06,3,16,2.2,2024-06-06
fd0a677c,hyperthyroid_01,2024-06-20,2024-06-22,3,21,2.2,2024-06-27
39970033,hyperthyroid_01,2024-07-11,2024-07-13,3,17,1.2,2024-07-14
ca0f7590,hyperthyroid_01,2024-07-28,2024-07-31,4,16,1.0,2024-07-30
ea5581b3,hyperthyroid_01,2024-08-13,2024-08-15,3,23,2.2,2024-08-22
6e5e2c92,hyperthyroid_01,2024-09-05,2024-09-06,2,25,2.0,2024-09-16
53f28bed,hyperthyroid_01,2024-09-30,2024-10-02,3,21,1.6,2024-10-07
4e995d58,hyperthyroid_01,2024-10-21,2024-10-24,4,22,2.0,2024-10-29
af47a9f7,hyperthyroid_01,2024-11-12,2024-11-14,3,25,1.5,2024-11-23
299dd283,hyperthyroid_01,2024-12-07,2024-12-09,3,23,1.7,2024-12-16
8d37ce19,hyperthyroid_01,2024-12-30,2025-01-02,4,16,2.0,2025-01-01
8ac1528b,hyperthyroid_01,2025-01-15,2025-01-17,3,18,1.9,2025-01-19
af61e5b2,hyperthyroid_01,2025-02-02,2025-02-05,4,28,2.9,2025-02-16
f805f54a,hyperthyroid_01,2025-03-02,2025-03-04,3,15,1.5,2025-03-03
20eff7b4,hyperthyroid_01,2025-03-17,2025-03-20,4,20,2.5,2025-03-23
cbbf9827,hyperthyroid_01,2025-04-06,2025-04-07,2,20,1.6,2025-04-12
7775b682,hyperthyroid_01,2025-04-26,2025-04-28,3,26,1.2,2025-05-08
adcdf757,hyperthyroid_01,2025-05-22,2025-05-24,3,20,2.0,2025-05-28
592cced2,hyperthyroid_01,2025-06-11,2025-06-14,4,24,2.5,2025-06-21
58931f05,hyperthyroid_01,2025-07-05,2025-07-06,2,26,2.6,2025-07-17
9514fb6b,hyperthyroid_01,2025-07-31,2025-08-02,3,19,2.3,2025-08-05
1efbd4df,hyperthyroid_01,2025-08-19,2025-08-22,4,,2.8,
ea7cad7e,hyperthyroid_02,2024-01-01,2024-01-01,1,27,3.0,2024-01-14
e548b245,hyperthyroid_02,2024-01-28,2024-01-29,2,24,2.5,2024-02-07
7390b98d,hyperthyroid_02,2024-02-21,2024-02-24,4,20,1.0,2024-02-27
34bbab79,hyperthyroid_02,2024-03-12,2024-03-14,3,24,1.6,2024-03-22
578ab13e,hyperthyroid_02,2024-04-05,2024-04-06,2,18,1.2,2024-04-09
2cd2051b,hyperthyroid_02,2024-04-23,2024-04-25,3,19,2.3,2024-04-28
74e389c2,hyperthyroid_02,2024-05-12,2024-05-15,4,24,2.1,2024-05-22
555fa14a,hyperthyroid_02,2024-06-05,2024-06-08,4,28,2.2,2024-06-19
f5aacb99,hyperthyroid_02,2024-07-03,2024-07-06,4,25,2.6,2024-07-14
9e04c7a3,hyperthyroid_02,2024-07-28,2024-07-30,3,23,1.1,2024-08-06
e3d05b72,hyperthyroid_02,2024-08-20,2024-08-21,2,19,3.3,2024-08-25
d45c11d8,hyperthyroid_02,2024-09-08,2024-09-09,2,20,2.3,2024-09-14
70bd6379,hyperthyroid_02,2024-09-28,2024-09-30,3,15,2.0,2024-09-29
4c647689,hyperthyroid_02,2024-10-13,2024-10-13,1,26,1.5,2024-10-25
0d97774f,hyperthyroid_02,2024-11-08,2024-11-11,4,15,1.7,2024-11-09
1e1cd5f3,hyperthyroid_02,2024-11-23,2024-11-25,3,26,3.2,2024-12-05
f9681425,hyperthyroid_02,2024-12-19,2024-12-19,1,22,1.9,2024-12-27
330f509a,hyperthyroid_02,2025-01-10,2025-01-12,3,24,1.3,2025-01-20
de5d600b,hyperthyroid_02,2025-02-03,2025-02-06,4,20,2.1,2025-02-09
d253978b,hyperthyroid_02,2025-02-23,2025-02-23,1,23,2.2,2025-03-04
fa297de9,hyperthyroid_02,2025-03-18,2025-03-19,2,23,2.1,2025-03-27
3500c35a,hyperthyroid_02,2025-04-10,2025-04-12,3,25,1.1,2025-04-21
b901b2e5,hyperthyroid_02,2025-05-05,2025-05-06,2,20,3.4,2025-05-11
506c3bdf,hyperthyroid_02,2025-05-25,2025-05-28,4,24,1.2,2025-06-04
fc11f090,hyperthyroid_02,2025-06-18,2025-06-20,3,30,1.4,2025-07-04
84f46800,hyperthyroid_02,2025-07-18,2025-07-19,2,17,2.3,2025-07-21
d8ca0ab7,hyperthyroid_02,2025-08-04,2025-08-05,2,,2.0,
01c3040d,hyperthyroid_03,2024-01-01,2024-01-03,3,23,3.0,2024-01-10
1f33059a,hyperthyroid_03,2024-01-24,2024-01-26,3,21,1.3,2024-01-31
c815258f,hyperthyroid_03,2024-02-14,2024-02-17,4,18,2.0,2024-02-18
6c58ed39,hyperthyroid_03,2024-03-03,2024-03-05,3,21,1.9,2024-03-10
a85e2f29,hyperthyroid_03,2024-03-24,2024-03-25,2,21,2.0,2024-03-31
997a8d22,hyperthyroid_03,2024-04-14,2024-04-17,4,18,1.6,2024-04-18
b1fa7da2,hyperthyroid_03,2024-05-02,2024-05-03,2,16,2.0,2024-05-04
19cd310a,hyperthyroid_03,2024-05-18,2024-05-21,4,26,2.2,2024-05-30
634b3159,hyperthyroid_03,2024-06-13,2024-06-14,2,16,2.6,2024-06-15
9382d9a2,hyperthyroid_03,2024-06-29,2024-07-02,4,27,1.2,2024-07-12
afce1e15,hyperthyroid_03,2024-07-26,2024-07-28,3,21,1.9,2024-08-02
a1e6fcec,hyperthyroid_03,2024-08-16,2024-08-18,3,20,2.1,2024-08-22
ee126d5a,hyperthyroid_03,2024-09-05,2024-09-08,4,19,2.4,2024-09-10
d45dc2d5,hyperthyroid_03,2024-09-24,2024-09-26,3,24,1,2024-10-04
5e2c8e19,hyperthyroid_03,2024-10-18,2024-10-20,3,26,1.5,2024-10-30
522be3c2,hyperthyroid_03,2024-11-13,2024-11-14,2,18,2.8,2024-11-17
18970139,hyperthyroid_03,2024-12-01,2024-12-04,4,21,3.0,2024-12-08
f94b6a8d,hyperthyroid_03,2024-12-22,2024-12-25,4,28,2.8,2025-01-05
655fdfac,hyperthyroid_03,2025-01-19,2025-01-22,4,30,2.5,2025-02-04
205432eb,hyperthyroid_03,2025-02-18,2025-02-19,2,26,1.5,2025-03-02
53a9f079,hyperthyroid_03,2025-03-16,2025-03-19,4,24,2.3,2025-03-26
cc8abaac,hyperthyroid_03,2025-04-09,2025-04-10,2,26,2.0,2025-04-21
50bf3211,hyperthyroid_03,2025-05-05,2025-05-07,3,19,3.0,2025-05-10
47332b57,hyperthyroid_03,2025-05-24,2025-05-25,2,26,1.8,2025-06-05
bc4d4915,hyperthyroid_03,2025-06-19,2025-06-21,3,27,1.8,2025-07-02
2a5755da,hyperthyroid_03,2025-07-16,2025-07-18,3,28,2.2,2025-07-30
e8e793e0,hyperthyroid_03,2025-08-13,2025-08-15,3,,1.6,
a1c8456e,hyperthyroid_04,2024-01-01,2024-01-04,4,22,1.6,2024-01-09
c9518a2f,hyperthyroid_04,2024-01-23,2024-01-25,3,23,1.8,2024-02-01
1ff3d243,hyperthyroid_04,2024-02-15,2024-02-18,4,19,2.4,2024-02-20
18f82084,hyperthyroid_04,2024-03-05,2024-03-07,3,20,2.0,2024-03-11
38fb6c4e,hyperthyroid_04,2024-03-25,2024-03-27,3,25,2.1,2024-04-05
f3577cd3,hyperthyroid_04,2024-04-19,2024-04-20,2,18,1.9,2024-04-23
296c3b7b,hyperthyroid_04,2024-05-07,2024-05-08,2,23,1.7,2024-05-16
23ac6eaa,hyperthyroid_04,2024-05-30,2024-06-01,3,24,2.8,2024-06-09
6dccfd6b,hyperthyroid_04,2024-06-23,2024-06-24,2,21,2.8,2024-06-30
5aa003d7,hyperthyroid_04,2024-07-14,2024-07-15,2,25,2.3,2024-07-25
88c4a789,hyperthyroid_04,2024-08-08,2024-08-10,3,27,2.2,2024-08-21
410a6222,hyperthyroid_04,2024-09-04,2024-09-05,2,19,1.8,2024-09-09
aa4bbc67,hyperthyroid_04,2024-09-23,2024-09-25,3,20,2.1,2024-09-29
7f6874e9,hyperthyroid_04,2024-10-13,2024-10-15,3,26,2.5,2024-10-25
29f7bcc2,hyperthyroid_04,2024-11-08,2024-11-10,3,23,1.3,2024-11-17
fbaa1739,hyperthyroid_04,2024-12-01,2024-12-03,3,21,2.5,2024-12-08
fcce0435,hyperthyroid_04,2024-12-22,2024-12-23,2,27,2.1,2025-01-04
7c99cdb5,hyperthyroid_04,2025-01-18,2025-01-21,4,28,1.9,2025-02-01
8a9c6c28,hyperthyroid_04,2025-02-15,2025-02-15,1,29,1.9,2025-03-02
eec59e0a,hyperthyroid_04,2025-03-16,2025-03-16,1,19,2.1,2025-03-21
3da063d1,hyperthyroid_04,2025-04-04,2025-04-08,5,30,2.4,2025-04-20
bbe426cf,hyperthyroid_04,2025-05-04,2025-05-07,4,30,2.0,2025-05-20
a4aa1566,hyperthyroid_04,2025-06-03,2025-06-04,2,30,1.4,2025-06-19
02ed794a,hyperthyroid_04,2025-07-03,2025-07-06,4,28,1.8,2025-07-17
185019c0,hyperthyroid_04,2025-07-31,2025-08-04,5,,2.4,
dc3f3e8e,hyperthyroid_05,2024-01-01,2024-01-04,4,25,1.2,2024-01-12
c0d1c1cd,hyperthyroid_05,2024-01-26,2024-01-30,5,23,1.8,2024-02-04
4bd0d00d,hyperthyroid_05,2024-02-18,2024-02-19,2,23,1.5,2024-02-27
18b2b2ad,hyperthyroid_05,2024-03-12,2024-03-13,2,19,2.1,2024-03-17
f07e2c85,hyperthyroid_05,2024-03-31,2024-04-02,3,20,1.5,2024-04-06
ca07fd40,hyperthyroid_05,2024-04-20,2024-04-21,2,30,1.7,2024-05-06
d9c76a14,hyperthyroid_05,2024-05-20,2024-05-22,3,18,1.8,2024-05-24
b3c081af,hyperthyroid_05,2024-06-07,2024-06-10,4,19,2.4,2024-06-12
a097ebb9,hyperthyroid_05,2024-06-26,2024-06-29,4,29,3.2,2024-07-11
25b6565c,hyperthyroid_05,2024-07-25,2024-07-28,4,27,2.4,2024-08-07
6bfb4ffa,hyperthyroid_05,2024-08-21,2024-08-22,2,21,1,2024-08-28
cd943a0a,hyperthyroid_05,2024-09-11,2024-09-14,4,25,2.2,2024-09-22
8c1bbd3e,hyperthyroid_05,2024-10-06,2024-10-06,1,22,2.4,2024-10-14
36a6188b,hyperthyroid_05,2024-10-28,2024-10-30,3,25,2.6,2024-11-08
39951d83,hyperthyroid_05,2024-11-22,2024-11-23,2,23,1.8,2024-12-01
0cc31876,hyperthyroid_05,2024-12-15,2024-12-16,2,22,2.7,2024-12-23
b5bd64e4,hyperthyroid_05,2025-01-06,2025-01-07,2,24,2.1,2025-01-16
e72f3487,hyperthyroid_05,2025-01-30,2025-01-30,1,21,2.8,2025-02-06
6bc12ceb,hyperthyroid_05,2025-02-20,2025-02-24,5,18,1.7,2025-02-24
e7216aa0,hyperthyroid_05,2025-03-10,2025-03-11,2,18,1.7,2025-03-14
60bd201b,hyperthyroid_05,2025-03-28,2025-03-29,2,26,2.4,2025-04-09
efcc5575,hyperthyroid_05,2025-04-23,2025-04-24,2,20,2.7,2025-04-29
1a2e59de,hyperthyroid_05,2025-05-13,2025-05-17,5,29,2.6,2025-05-28
5c5d6c65,hyperthyroid_05,2025-06-11,2025-06-13,3,24,1.6,2025-06-21
4ce7709f,hyperthyroid_05,2025-07-05,2025-07-08,4,20,2.3,2025-07-11
469eb2df,hyperthyroid_05,2025-07-25,2025-07-27,3,22,2.2,2025-08-02
69f6cab6,hyperthyroid_05,2025-08-16,2025-08-18,3,,1.3,
d3d24a6c,hyperthyroid_06,2024-01-01,2024-01-03,3,23,1.8,2024-01-10
206b4890,hyperthyroid_06,2024-01-24,2024-01-26,3,18,2.2,2024-01-28
a31557d8,hyperthyroid_06,2024-02-11,2024-02-12,2,27,2.5,2024-02-24
7f24658b,hyperthyroid_06,2024-03-09,2024-03-10,2,23,2.0,2024-03-18
452dd2e9,hyperthyroid_06,2024-04-01,2024-04-04,4,23,3.1,2024-04-10
d17c8ab2,hyperthyroid_06,2024-04-24,2024-04-27,4,22,1.6,2024-05-02
b2d63bd0,hyperthyroid_06,2024-05-16,2024-05-17,2,24,1.9,2024-05-26
79f48089,hyperthyroid_06,2024-06-09,2024-06-12,4,30,2.0,2024-06-25
01a48a4f,hyperthyroid_06,2024-07-09,2024-07-13,5,18,2.7,2024-07-13
367498d7,hyperthyroid_06,2024-07-27,2024-07-30,4,25,1.9,2024-08-07
eaaf0eb3,hyperthyroid_06,2024-08-21,2024-08-21,1,27,1.3,2024-09-03
fd077bfe,hyperthyroid_06,2024-09-17,2024-09-19,3,25,2.0,2024-09-28
4539861a,hyperthyroid_06,2024-10-12,2024-10-15,4,23,1.6,2024-10-21
62c231aa,hyperthyroid_06,2024-11-04,2024-11-05,2,26,2.3,2024-11-16
9a0f64bc,hyperthyroid_06,2024-11-30,2024-12-01,2,24,2.1,2024-12-10
da597386,hyperthyroid_06,2024-12-24,2024-12-25,2,27,2.1,2025-01-06
f13de66e,hyperthyroid_06,2025-01-20,2025-01-23,4,24,1.3,2025-01-30
e117bcd2,hyperthyroid_06,2025-02-13,2025-02-15,3,27,3.1,2025-02-26
964cab4e,hyperthyroid_06,2025-03-12,2025-03-12,1,23,1.9,2025-03-21
4fec5d0d,hyperthyroid_06,2025-04-04,2025-04-06,3,26,2.1,2025-04-16
645c59aa,hyperthyroid_06,2025-04-30,2025-05-03,4,25,2.1,2025-05-11
e69f63bf,hyperthyroid_06,2025-05-25,2025-05-27,3,22,1.6,2025-06-02
01850244,hyperthyroid_06,2025-06-16,2025-06-18,3,21,2.2,2025-06-23
b047ac6a,hyperthyroid_06,2025-07-07,2025-07-09,3,26,1.5,2025-07-19
ac713997,hyperthyroid_06,2025-08-02,2025-08-04,3,,1.6,
361ece3f,anemia_01,2024-01-01,2024-01-09,9,26,4.1,2024-01-13
eba877f8,anemia_01,2024-01-27,2024-02-01,6,29,4.6,2024-02-11
9e7e065d,anemia_01,2024-02-25,2024-03-03,8,27,5,2024-03-09
f66e9f95,anemia_01,2024-03-23,2024-03-30,8,24,3.9,2024-04-02
c567a696,anemia_01,2024-04-16,2024-04-22,7,31,3.9,2024-05-03
64e52a59,anemia_01,2024-05-17,2024-05-24,8,30,4.3,2024-06-02
9516138f,anemia_01,2024-06-16,2024-06-25,10,32,4.0,2024-07-04
c95a2f1e,anemia_01,2024-07-18,2024-07-28,11,27,5,2024-07-31
33eb2aac,anemia_01,2024-08-14,2024-08-22,9,26,4.6,2024-08-26
d7b6899e,anemia_01,2024-09-09,2024-09-18,10,31,3.6,2024-09-26
dd760c58,anemia_01,2024-10-10,2024-10-16,7,26,4.1,2024-10-22
c4349bf0,anemia_01,2024-11-05,2024-11-12,8,26,4.3,2024-11-17
e0a905f3,anemia_01,2024-12-01,2024-12-06,6,26,5,2024-12-13
849b0250,anemia_01,2024-12-27,2025-01-04,9,24,4.7,2025-01-06
07c82268,anemia_01,2025-01-20,2025-01-28,9,31,3.7,2025-02-06
16cf018f,anemia_01,2025-02-20,2025-02-27,8,28,4.2,2025-03-06
ad2f025e,anemia_01,2025-03-20,2025-03-28,9,26,4.7,2025-04-01
d7f7dd84,anemia_01,2025-04-15,2025-04-20,6,25,4.3,2025-04-26
0f7efd6b,anemia_01,2025-05-10,2025-05-17,8,27,3.9,2025-05-23
9498c5f1,anemia_01,2025-06-06,2025-06-13,8,26,4.0,2025-06-18
854e3dfc,anemia_01,2025-07-02,2025-07-13,12,28,4.4,2025-07-16
a4e6d0f5,anemia_01,2025-07-30,2025-08-07,9,,3.1,
9de66de5,anemia_02,2024-01-01,2024-01-09,9,26,4.3,2024-01-13
ea7f3df1,anemia_02,2024-01-27,2024-02-05,10,29,4.2,2024-02-11
68dd9135,anemia_02,2024-02-25,2024-03-04,9,24,4.8,2024-03-06
9eef5ca3,anemia_02,2024-03-20,2024-03-27,8,27,5,2024-04-02
71f251ad,anemia_02,2024-04-16,2024-04-24,9,27,3.9,2024-04-29
f4b2c95d,anemia_02,2024-05-13,2024-05-20,8,28,4.1,2024-05-27
8f5981f3,anemia_02,2024-06-10,2024-06-18,9,31,4.6,2024-06-27
04e6b778,anemia_02,2024-07-11,2024-07-20,10,30,4.5,2024-07-27
954f6618,anemia_02,2024-08-10,2024-08-18,9,24,4.5,2024-08-20
2551a579,anemia_02,2024-09-03,2024-09-10,8,27,4.2,2024-09-16
164e5d55,anemia_02,2024-09-30,2024-10-09,10,23,3.9,2024-10-09
578cd7a6,anemia_02,2024-10-23,2024-10-29,7,29,4.1,2024-11-07
99fd7f4c,anemia_02,2024-11-21,2024-11-27,7,26,4.8,2024-12-03
3a2cb28e,anemia_02,2024-12-17,2024-12-26,10,25,4.0,2024-12-28
d9773f32,anemia_02,2025-01-11,2025-01-16,6,26,4.3,2025-01-23
0150a1ba,anemia_02,2025-02-06,2025-02-14,9,26,3.7,2025-02-18
ed5ef92c,anemia_02,2025-03-04,2025-03-11,8,26,4.2,2025-03-16
e4ab3ac5,anemia_02,2025-03-30,2025-04-06,8,23,4.9,2025-04-08
4ced3f3d,anemia_02,2025-04-22,2025-04-30,9,22,4.2,2025-04-30
7098b34d,anemia_02,2025-05-14,2025-05-21,8,24,3.9,2025-05-24
f215dc7e,anemia_02,2025-06-07,2025-06-15,9,31,4.0,2025-06-24
6a4e6819,anemia_02,2025-07-08,2025-07-15,8,24,4.8,2025-07-18
828d66a9,anemia_02,2025-08-01,2025-08-06,6,,4.3,
8d5ffe07,anemia_03,2024-01-01,2024-01-06,6,27,4.0,2024-01-14
d1a7d417,anemia_03,2024-01-28,2024-02-04,8,24,4.3,2024-02-07
a8303ec9,anemia_03,2024-02-21,2024-02-28,8,27,3.7,2024-03-05
614cf93c,anemia_03,2024-03-19,2024-03-26,8,29,4.8,2024-04-03
8af352cd,anemia_03,2024-04-17,2024-04-24,8,31,4.8,2024-05-04
7a3e6986,anemia_03,2024-05-18,2024-05-27,10,27,5.0,2024-05-31
6a23f8e0,anemia_03,2024-06-14,2024-06-23,10,27,4.3,2024-06-27
0e262df0,anemia_03,2024-07-11,2024-07-18,8,31,5,2024-07-28
23031faf,anemia_03,2024-08-11,2024-08-19,9,27,4.9,2024-08-24
403a8c8d,anemia_03,2024-09-07,2024-09-13,7,27,4.4,2024-09-20
e8f5fd94,anemia_03,2024-10-04,2024-10-12,9,21,5,2024-10-11
469aa63c,anemia_03,2024-10-25,2024-10-31,7,26,3.7,2024-11-06
97f8de5d,anemia_03,2024-11-20,2024-11-29,10,28,4.7,2024-12-04
934c2fd1,anemia_03,2024-12-18,2024-12-23,6,29,4.2,2025-01-02
ed4a20a6,anemia_03,2025-01-16,2025-01-21,6,24,4.6,2025-01-26
27ec364c,anemia_03,2025-02-09,2025-02-17,9,26,5,2025-02-21
b642cf5c,anemia_03,2025-03-07,2025-03-14,8,23,5,2025-03-16
487c4444,anemia_03,2025-03-30,2025-04-05,7,28,3.9,2025-04-13
c1424992,anemia_03,2025-04-27,2025-05-04,8,28,4.6,2025-05-11
a405e967,anemia_03,2025-05-25,2025-05-31,7,27,4.7,2025-06-07
18939f21,anemia_03,2025-06-21,2025-06-27,7,24,3.8,2025-07-01
ba5c10af,anemia_03,2025-07-15,2025-07-24,10,25,4.5,2025-07-26
4abdab6f,anemia_03,2025-08-09,2025-08-18,10,,5,
81275ec3,anemia_04,2024-01-01,2024-01-08,8,24,4.4,2024-01-11
80f18eed,anemia_04,2024-01-25,2024-02-03,10,30,3.9,2024-02-10
30cf8219,anemia_04,2024-02-24,2024-03-01,7,27,4.1,2024-03-08
f412f449,anemia_04,2024-03-22,2024-03-31,10,27,4.5,2024-04-04
4412d272,anemia_04,2024-04-18,2024-04-23,6,28,4.3,2024-05-02
15616acc,anemia_04,2024-05-16,2024-05-24,9,25,3.8,2024-05-27
a8fd837a,anemia_04,2024-06-10,2024-06-16,7,27,3.5,2024-06-23
0571a283,anemia_04,2024-07-07,2024-07-17,11,30,3.6,2024-07-23
90f36f01,anemia_04,2024-08-06,2024-08-11,6,33,4.7,2024-08-25
fbbbbd81,anemia_04,2024-09-08,2024-09-14,7,28,4.2,2024-09-22
5f54018e,anemia_04,2024-10-06,2024-10-16,11,24,3.7,2024-10-16
541cf8fd,anemia_04,2024-10-30,2024-11-06,8,27,3.9,2024-11-12
e42c82ed,anemia_04,2024-11-26,2024-12-04,9,31,4.1,2024-12-13
9d3e01ee,anemia_04,2024-12-27,2025-01-02,7,28,3.5,2025-01-10
26e011a1,anemia_04,2025-01-24,2025-02-02,10,27,4.0,2025-02-06
9f881ed6,anemia_04,2025-02-20,2025-02-28,9,26,4.6,2025-03-04
08e21b7d,anemia_04,2025-03-18,2025-03-25,8,27,4.7,2025-03-31
73399471,anemia_04,2025-04-14,2025-04-21,8,26,3.8,2025-04-26
bea59618,anemia_04,2025-05-10,2025-05-18,9,31,4.3,2025-05-27
b5cde6a4,anemia_04,2025-06-10,2025-06-17,8,23,4.1,2025-06-19
97129458,anemia_04,2025-07-03,2025-07-08,6,28,4.2,2025-07-17
f2f41901,anemia_04,2025-07-31,2025-08-09,10,21,4.5,2025-08-07
708ac70d,anemia_04,2025-08-21,2025-08-28,8,,3.7,
d2a3474a,anemia_05,2024-01-01,2024-01-09,9,27,4.0,2024-01-14
0e87e1f5,anemia_05,2024-01-28,2024-02-05,9,26,3.5,2024-02-09
5c1b1776,anemia_05,2024-02-23,2024-02-28,6,23,3.7,2024-03-03
ab0c55c2,anemia_05,2024-03-17,2024-03-22,6,30,3.3,2024-04-02
a298c1a6,anemia_05,2024-04-16,2024-04-22,7,26,4.2,2024-04-28
75b69d06,anemia_05,2024-05-12,2024-05-21,10,28,3.1,2024-05-26
7f25bee6,anemia_05,2024-06-09,2024-06-14,6,30,3.2,2024-06-25
0a8bfb57,anemia_05,2024-07-09,2024-07-14,6,28,5,2024-07-23
59c5412c,anemia_05,2024-08-06,2024-08-14,9,29,4.0,2024-08-21
6f55d05f,anemia_05,2024-09-04,2024-09-09,6,24,4.3,2024-09-14
306da475,anemia_05,2024-09-28,2024-10-05,8,23,4.3,2024-10-07
375d3eaf,anemia_05,2024-10-21,2024-10-29,9,29,4.2,2024-11-05
1b51e4f4,anemia_05,2024-11-19,2024-11-27,9,27,4.5,2024-12-02
03332f87,anemia_05,2024-12-16,2024-12-23,8,26,5,2024-12-28
9dccef45,anemia_05,2025-01-11,2025-01-19,9,28,4.9,2025-01-25
2f46d8a1,anemia_05,2025-02-08,2025-02-18,11,30,3.5,2025-02-24
2f5f8616,anemia_05,2025-03-10,2025-03-16,7,26,4.1,2025-03-22
c1a25b27,anemia_05,2025-04-05,2025-04-13,9,25,3.8,2025-04-16
7f292f73,anemia_05,2025-04-30,2025-05-05,6,27,5,2025-05-13
a33f7a2b,anemia_05,2025-05-27,2025-06-04,9,24,4.8,2025-06-06
ad8e24c2,anemia_05,2025-06-20,2025-06-25,6,27,3.6,2025-07-03
d1ff21ec,anemia_05,2025-07-17,2025-07-24,8,23,5,2025-07-26
f31c897f,anemia_05,2025-08-09,2025-08-15,7,,4.6,
0e489214,anemia_06,2024-01-01,2024-01-07,7,28,3.8,2024-01-15
db354b89,anemia_06,2024-01-29,2024-02-05,8,26,4.2,2024-02-10
f892287b,anemia_06,2024-02-24,2024-03-02,8,22,3.9,2024-03-03
45be37e6,anemia_06,2024-03-17,2024-03-25,9,31,3.4,2024-04-03
d4366b87,anemia_06,2024-04-17,2024-04-25,9,32,3.6,2024-05-05
f5afde82,anemia_06,2024-05-19,2024-05-25,7,24,4.7,2024-05-29
80b70562,anemia_06,2024-06-12,2024-06-20,9,29,4.0,2024-06-27
af3604db,anemia_06,2024-07-11,2024-07-19,9,27,5,2024-07-24
ee290e10,anemia_06,2024-08-07,2024-08-17,11,30,4.3,2024-08-23
fbec5514,anemia_06,2024-09-06,2024-09-14,9,27,4.0,2024-09-19
83d03603,anemia_06,2024-10-03,2024-10-11,9,27,4.1,2024-10-16
1c57af7c,anemia_06,2024-10-30,2024-11-07,9,31,3.9,2024-11-16
84b7f321,anemia_06,2024-11-30,2024-12-08,9,24,5,2024-12-10
6f19621d,anemia_06,2024-12-24,2024-12-30,7,27,4.6,2025-01-06
e7b2ced7,anemia_06,2025-01-20,2025-01-26,7,26,3.7,2025-02-01
4d5ca5a2,anemia_06,2025-02-15,2025-02-22,8,26,4.1,2025-02-27
b4e3fd6a,anemia_06,2025-03-13,2025-03-21,9,25,5,2025-03-24
23b77406,anemia_06,2025-04-07,2025-04-13,7,32,3.9,2025-04-25
a1133e0c,anemia_06,2025-05-09,2025-05-16,8,29,5.0,2025-05-24
81111643,anemia_06,2025-06-07,2025-06-14,8,22,3.9,2025-06-15
d7014fdf,anemia_06,2025-06-29,2025-07-04,6,30,5,2025-07-15
d65d2edb,anemia_06,2025-07-29,2025-08-06,9,,4.7,
