user_id,test_date,test_name,value,unit,ref_range_low,ref_range_high
none_01,2024-01-01,TSH,1.51,mIU/L,0.4,4.0
none_01,2024-03-28,TSH,1.71,mIU/L,0.4,4.0
none_01,2024-06-19,TSH,1.82,mIU/L,0.4,4.0
none_01,2024-09-12,TSH,2.62,mIU/L,0.4,4.0
none_01,2024-12-03,TSH,2.45,mIU/L,0.4,4.0
none_01,2025-02-21,TSH,1.26,mIU/L,0.4,4.0
none_01,2025-05-16,TSH,2.23,mIU/L,0.4,4.0
none_01,2025-08-11,TSH,2.15,mIU/L,0.4,4.0
none_02,2024-01-01,TSH,2.69,mIU/L,0.4,4.0
none_02,2024-03-26,TSH,2.85,mIU/L,0.4,4.0
none_02,2024-06-17,TSH,1.6,mIU/L,0.4,4.0
none_02,2024-09-08,TSH,1.29,mIU/L,0.4,4.0
none_02,2024-12-05,TSH,1.14,mIU/L,0.4,4.0
none_02,2025-03-01,TSH,3.04,mIU/L,0.4,4.0
none_02,2025-05-27,TSH,3.51,mIU/L,0.4,4.0
none_02,2025-08-19,TSH,1.7,mIU/L,0.4,4.0
none_03,2024-01-01,TSH,2.23,mIU/L,0.4,4.0
none_03,2024-03-25,TSH,1.5,mIU/L,0.4,4.0
none_03,2024-06-14,TSH,1.59,mIU/L,0.4,4.0
none_03,2024-09-03,TSH,1.91,mIU/L,0.4,4.0
none_03,2024-11-25,TSH,1.6,mIU/L,0.4,4.0
none_03,2025-02-16,TSH,2.45,mIU/L,0.4,4.0
none_03,2025-05-13,TSH,2.45,mIU/L,0.4,4.0
none_03,2025-08-08,TSH,1.5,mIU/L,0.4,4.0
none_04,2024-01-01,TSH,1.92,mIU/L,0.4,4.0
none_04,2024-03-20,TSH,2.56,mIU/L,0.4,4.0
none_04,2024-06-09,TSH,2.8,mIU/L,0.4,4.0
none_04,2024-08-31,TSH,0.87,mIU/L,0.4,4.0
none_04,2024-11-26,TSH,2.61,mIU/L,0.4,4.0
none_04,2025-02-20,TSH,2.35,mIU/L,0.4,4.0
none_04,2025-05-21,TSH,1.65,mIU/L,0.4,4.0
none_04,2025-08-14,TSH,1.86,mIU/L,0.4,4.0
none_05,2024-01-01,TSH,2.05,mIU/L,0.4,4.0
none_05,2024-03-30,TSH,1.81,mIU/L,0.4,4.0
none_05,2024-06-24,TSH,2.42,mIU/L,0.4,4.0
none_05,2024-09-16,TSH,2.26,mIU/L,0.4,4.0
none_05,2024-12-10,TSH,1.8,mIU/L,0.4,4.0
none_05,2025-03-02,TSH,1.72,mIU/L,0.4,4.0
none_05,2025-05-26,TSH,2.01,mIU/L,0.4,4.0
none_05,2025-08-19,TSH,0.97,mIU/L,0.4,4.0
none_06,2024-01-01,TSH,1.26,mIU/L,0.4,4.0
none_06,2024-03-24,TSH,2.2,mIU/L,0.4,4.0
none_06,2024-06-13,TSH,1.62,mIU/L,0.4,4.0
none_06,2024-09-08,TSH,2.5,mIU/L,0.4,4.0
none_06,2024-12-01,TSH,1.89,mIU/L,0.4,4.0
none_06,2025-02-21,TSH,1.81,mIU/L,0.4,4.0
none_06,2025-05-16,TSH,3.11,mIU/L,0.4,4.0
none_06,2025-08-10,TSH,2.7,mIU/L,0.4,4.0
pcos_01,2024-01-01,LH,1.9,IU/L,2.4,12.6
pcos_01,2024-01-01,FSH,3.2,IU/L,3.5,12.5
pcos_01,2024-06-18,LH,16.6,IU/L,2.4,12.6
pcos_01,2024-06-18,FSH,5.3,IU/L,3.5,12.5
pcos_01,2024-10-19,LH,12.2,IU/L,2.4,12.6
pcos_01,2024-10-19,FSH,6.1,IU/L,3.5,12.5
pcos_01,2025-02-19,LH,14.3,IU/L,2.4,12.6
pcos_01,2025-02-19,FSH,7.1,IU/L,3.5,12.5
pcos_01,2025-07-14,LH,15.8,IU/L,2.4,12.6
pcos_01,2025-07-14,FSH,4.0,IU/L,3.5,12.5
pcos_02,2024-01-01,LH,14.4,IU/L,2.4,12.6
pcos_02,2024-01-01,FSH,6.0,IU/L,3.5,12.5
pcos_02,2024-05-19,LH,8.5,IU/L,2.4,12.6
pcos_02,2024-05-19,FSH,4.8,IU/L,3.5,12.5
pcos_02,2024-10-07,LH,9.7,IU/L,2.4,12.6
pcos_02,2024-10-07,FSH,3.4,IU/L,3.5,12.5
pcos_02,2025-02-22,LH,17.6,IU/L,2.4,12.6
pcos_02,2025-02-22,FSH,5.1,IU/L,3.5,12.5
pcos_02,2025-07-26,LH,8.5,IU/L,2.4,12.6
pcos_02,2025-07-26,FSH,5.6,IU/L,3.5,12.5
pcos_03,2024-01-01,LH,9.9,IU/L,2.4,12.6
pcos_03,2024-01-01,FSH,4.1,IU/L,3.5,12.5
pcos_03,2024-05-17,LH,12.5,IU/L,2.4,12.6
pcos_03,2024-05-17,FSH,4.0,IU/L,3.5,12.5
pcos_03,2024-08-28,LH,10.6,IU/L,2.4,12.6
pcos_03,2024-08-28,FSH,4.4,IU/L,3.5,12.5
pcos_03,2025-01-05,LH,18.3,IU/L,2.4,12.6
pcos_03,2025-01-05,FSH,5.6,IU/L,3.5,12.5
pcos_03,2025-05-12,LH,7.2,IU/L,2.4,12.6
pcos_03,2025-05-12,FSH,6.6,IU/L,3.5,12.5
pcos_04,2024-01-01,LH,17.1,IU/L,2.4,12.6
pcos_04,2024-01-01,FSH,5.0,IU/L,3.5,12.5
pcos_04,2024-05-08,LH,11.6,IU/L,2.4,12.6
pcos_04,2024-05-08,FSH,5.6,IU/L,3.5,12.5
pcos_04,2024-08-20,LH,18.3,IU/L,2.4,12.6
pcos_04,2024-08-20,FSH,6.0,IU/L,3.5,12.5
pcos_04,2025-02-05,LH,12.4,IU/L,2.4,12.6
pcos_04,2025-02-05,FSH,3.6,IU/L,3.5,12.5
pcos_04,2025-07-19,LH,13.5,IU/L,2.4,12.6
pcos_04,2025-07-19,FSH,5.1,IU/L,3.5,12.5
pcos_05,2024-01-01,LH,14.5,IU/L,2.4,12.6
pcos_05,2024-01-01,FSH,5.4,IU/L,3.5,12.5
pcos_05,2024-05-05,LH,15.0,IU/L,2.4,12.6
pcos_05,2024-05-05,FSH,6.0,IU/L,3.5,12.5
pcos_05,2024-09-08,LH,15.2,IU/L,2.4,12.6
pcos_05,2024-09-08,FSH,6.9,IU/L,3.5,12.5
pcos_05,2025-01-19,LH,8.4,IU/L,2.4,12.6
pcos_05,2025-01-19,FSH,6.2,IU/L,3.5,12.5
pcos_05,2025-06-20,LH,25.9,IU/L,2.4,12.6
pcos_05,2025-06-20,FSH,6.3,IU/L,3.5,12.5
pcos_06,2024-01-01,LH,17.5,IU/L,2.4,12.6
pcos_06,2024-01-01,FSH,6.3,IU/L,3.5,12.5
pcos_06,2024-05-18,LH,19.5,IU/L,2.4,12.6
pcos_06,2024-05-18,FSH,7.0,IU/L,3.5,12.5
pcos_06,2024-10-17,LH,13.7,IU/L,2.4,12.6
pcos_06,2024-10-17,FSH,5.2,IU/L,3.5,12.5
pcos_06,2025-01-19,LH,18.9,IU/L,2.4,12.6
pcos_06,2025-01-19,FSH,7.6,IU/L,3.5,12.5
pcos_06,2025-05-21,LH,10.3,IU/L,2.4,12.6
pcos_06,2025-05-21,FSH,4.8,IU/L,3.5,12.5
hypothyroid_01,2024-01-01,TSH,7.42,mIU/L,0.4,4.0
hypothyroid_01,2024-01-01,FT4,0.69,ng/dL,0.8,1.8
hypothyroid_01,2024-04-14,TSH,8.44,mIU/L,0.4,4.0
hypothyroid_01,2024-04-14,FT4,0.62,ng/dL,0.8,1.8
hypothyroid_01,2024-07-18,TSH,6.52,mIU/L,0.4,4.0
hypothyroid_01,2024-07-18,FT4,0.6,ng/dL,0.8,1.8
hypothyroid_01,2024-11-12,TSH,6.43,mIU/L,0.4,4.0
hypothyroid_01,2024-11-12,FT4,0.82,ng/dL,0.8,1.8
hypothyroid_01,2025-03-06,TSH,10.98,mIU/L,0.4,4.0
hypothyroid_01,2025-03-06,FT4,0.6,ng/dL,0.8,1.8
hypothyroid_01,2025-06-09,TSH,8.48,mIU/L,0.4,4.0
hypothyroid_01,2025-06-09,FT4,0.54,ng/dL,0.8,1.8
hypothyroid_02,2024-01-01,TSH,7.2,mIU/L,0.4,4.0
hypothyroid_02,2024-01-01,FT4,0.57,ng/dL,0.8,1.8
hypothyroid_02,2024-04-22,TSH,9.47,mIU/L,0.4,4.0
hypothyroid_02,2024-04-22,FT4,0.65,ng/dL,0.8,1.8
hypothyroid_02,2024-08-22,TSH,7.07,mIU/L,0.4,4.0
hypothyroid_02,2024-08-22,FT4,0.8,ng/dL,0.8,1.8
hypothyroid_02,2024-12-10,TSH,7.04,mIU/L,0.4,4.0
hypothyroid_02,2024-12-10,FT4,0.7,ng/dL,0.8,1.8
hypothyroid_02,2025-03-21,TSH,7.67,mIU/L,0.4,4.0
hypothyroid_02,2025-03-21,FT4,0.49,ng/dL,0.8,1.8
hypothyroid_02,2025-06-28,TSH,8.03,mIU/L,0.4,4.0
hypothyroid_02,2025-06-28,FT4,0.62,ng/dL,0.8,1.8
hypothyroid_03,2024-01-01,TSH,3.1,mIU/L,0.4,4.0
hypothyroid_03,2024-01-01,FT4,0.58,ng/dL,0.8,1.8
hypothyroid_03,2024-04-03,TSH,6.25,mIU/L,0.4,4.0
hypothyroid_03,2024-04-03,FT4,0.5,ng/dL,0.8,1.8
hypothyroid_03,2024-07-13,TSH,8.32,mIU/L,0.4,4.0
hypothyroid_03,2024-07-13,FT4,0.49,ng/dL,0.8,1.8
hypothyroid_03,2024-10-24,TSH,7.76,mIU/L,0.4,4.0
hypothyroid_03,2024-10-24,FT4,0.48,ng/dL,0.8,1.8
hypothyroid_03,2025-02-07,TSH,6.28,mIU/L,0.4,4.0
hypothyroid_03,2025-02-07,FT4,0.63,ng/dL,0.8,1.8
hypothyroid_03,2025-05-21,TSH,11.41,mIU/L,0.4,4.0
hypothyroid_03,2025-05-21,FT4,0.6,ng/dL,0.8,1.8
hypothyroid_04,2024-01-01,TSH,7.09,mIU/L,0.4,4.0
hypothyroid_04,2024-01-01,FT4,0.45,ng/dL,0.8,1.8
hypothyroid_04,2024-04-02,TSH,3.76,mIU/L,0.4,4.0
hypothyroid_04,2024-04-02,FT4,0.7,ng/dL,0.8,1.8
hypothyroid_04,2024-07-05,TSH,8.54,mIU/L,0.4,4.0
hypothyroid_04,2024-07-05,FT4,0.58,ng/dL,0.8,1.8
hypothyroid_04,2024-10-07,TSH,6.87,mIU/L,0.4,4.0
hypothyroid_04,2024-10-07,FT4,0.66,ng/dL,0.8,1.8
hypothyroid_04,2024-12-27,TSH,6.06,mIU/L,0.4,4.0
hypothyroid_04,2024-12-27,FT4,0.85,ng/dL,0.8,1.8
hypothyroid_04,2025-04-13,TSH,8.47,mIU/L,0.4,4.0
hypothyroid_04,2025-04-13,FT4,0.7,ng/dL,0.8,1.8
hypothyroid_04,2025-07-30,TSH,7.82,mIU/L,0.4,4.0
hypothyroid_04,2025-07-30,FT4,0.54,ng/dL,0.8,1.8
hypothyroid_05,2024-01-01,TSH,4.34,mIU/L,0.4,4.0
hypothyroid_05,2024-01-01,FT4,0.75,ng/dL,0.8,1.8
hypothyroid_05,2024-04-15,TSH,9.67,mIU/L,0.4,4.0
hypothyroid_05,2024-04-15,FT4,0.57,ng/dL,0.8,1.8
hypothyroid_05,2024-07-26,TSH,11.98,mIU/L,0.4,4.0
hypothyroid_05,2024-07-26,FT4,0.41,ng/dL,0.8,1.8
hypothyroid_05,2024-11-19,TSH,5.02,mIU/L,0.4,4.0
hypothyroid_05,2024-11-19,FT4,0.61,ng/dL,0.8,1.8
hypothyroid_05,2025-02-22,TSH,8.97,mIU/L,0.4,4.0
hypothyroid_05,2025-02-22,FT4,0.61,ng/dL,0.8,1.8
hypothyroid_05,2025-05-28,TSH,11.25,mIU/L,0.4,4.0
hypothyroid_05,2025-05-28,FT4,0.68,ng/dL,0.8,1.8
hypothyroid_06,2024-01-01,TSH,3.68,mIU/L,0.4,4.0
hypothyroid_06,2024-01-01,FT4,0.58,ng/dL,0.8,1.8
hypothyroid_06,2024-04-17,TSH,8.42,mIU/L,0.4,4.0
hypothyroid_06,2024-04-17,FT4,0.53,ng/dL,0.8,1.8
hypothyroid_06,2024-07-31,TSH,8.72,mIU/L,0.4,4.0
hypothyroid_06,2024-07-31,FT4,0.59,ng/dL,0.8,1.8
hypothyroid_06,2024-11-10,TSH,10.29,mIU/L,0.4,4.0
hypothyroid_06,2024-11-10,FT4,0.71,ng/dL,0.8,1.8
hypothyroid_06,2025-02-22,TSH,8.54,mIU/L,0.4,4.0
hypothyroid_06,2025-02-22,FT4,0.59,ng/dL,0.8,1.8
hypothyroid_06,2025-06-03,TSH,5.05,mIU/L,0.4,4.0
hypothyroid_06,2025-06-03,FT4,0.47,ng/dL,0.8,1.8
hyperthyroid_01,2024-01-01,TSH,0.19,mIU/L,0.4,4.0
hyperthyroid_01,2024-01-01,FT4,2.58,ng/dL,0.8,1.8
hyperthyroid_01,2024-03-22,TSH,0.17,mIU/L,0.4,4.0
hyperthyroid_01,2024-03-22,FT4,2.42,ng/dL,0.8,1.8
hyperthyroid_01,2024-06-04,TSH,0.26,mIU/L,0.4,4.0
hyperthyroid_01,2024-06-04,FT4,2.14,ng/dL,0.8,1.8
hyperthyroid_01,2024-07-28,TSH,0.29,mIU/L,0.4,4.0
hyperthyroid_01,2024-07-28,FT4,2.91,ng/dL,0.8,1.8
hyperthyroid_01,2024-09-30,TSH,0.14,mIU/L,0.4,4.0
hyperthyroid_01,2024-09-30,FT4,2.87,ng/dL,0.8,1.8
hyperthyroid_01,2024-12-07,TSH,0.2,mIU/L,0.4,4.0
hyperthyroid_01,2024-12-07,FT4,3.56,ng/dL,0.8,1.8
hyperthyroid_01,2025-02-02,TSH,0.09,mIU/L,0.4,4.0
hyperthyroid_01,2025-02-02,FT4,2.13,ng/dL,0.8,1.8
hyperthyroid_01,2025-04-06,TSH,0.11,mIU/L,0.4,4.0
hyperthyroid_01,2025-04-06,FT4,2.28,ng/dL,0.8,1.8
hyperthyroid_01,2025-06-11,TSH,0.23,mIU/L,0.4,4.0
hyperthyroid_01,2025-06-11,FT4,1.87,ng/dL,0.8,1.8
hyperthyroid_01,2025-08-19,TSH,0.21,mIU/L,0.4,4.0
hyperthyroid_01,2025-08-19,FT4,2.3,ng/dL,0.8,1.8
hyperthyroid_02,2024-01-01,TSH,0.11,mIU/L,0.4,4.0
hyperthyroid_02,2024-01-01,FT4,1.86,ng/dL,0.8,1.8
hyperthyroid_02,2024-03-12,TSH,0.21,mIU/L,0.4,4.0
hyperthyroid_02,2024-03-12,FT4,2.57,ng/dL,0.8,1.8
hyperthyroid_02,2024-05-12,TSH,0.15,mIU/L,0.4,4.0
hyperthyroid_02,2024-05-12,FT4,1.99,ng/dL,0.8,1.8
hyperthyroid_02,2024-07-28,TSH,0.21,mIU/L,0.4,4.0
hyperthyroid_02,2024-07-28,FT4,2.19,ng/dL,0.8,1.8
hyperthyroid_02,2024-09-28,TSH,0.12,mIU/L,0.4,4.0
hyperthyroid_02,2024-09-28,FT4,2.6,ng/dL,0.8,1.8
hyperthyroid_02,2024-11-23,TSH,0.07,mIU/L,0.4,4.0
hyperthyroid_02,2024-11-23,FT4,2.56,ng/dL,0.8,1.8
hyperthyroid_02,2025-02-03,TSH,0.05,mIU/L,0.4,4.0
hyperthyroid_02,2025-02-03,FT4,2.8,ng/dL,0.8,1.8
hyperthyroid_02,2025-04-10,TSH,0.2,mIU/L,0.4,4.0
hyperthyroid_02,2025-04-10,FT4,1.82,ng/dL,0.8,1.8
hyperthyroid_02,2025-06-18,TSH,0.11,mIU/L,0.4,4.0
hyperthyroid_02,2025-06-18,FT4,2.57,ng/dL,0.8,1.8
hyperthyroid_03,2024-01-01,TSH,0.11,mIU/L,0.4,4.0
hyperthyroid_03,2024-01-01,FT4,2.79,ng/dL,0.8,1.8
hyperthyroid_03,2024-03-03,TSH,0.09,mIU/L,0.4,4.0
hyperthyroid_03,2024-03-03,FT4,2.24,ng/dL,0.8,1.8
hyperthyroid_03,2024-05-02,TSH,0.28,mIU/L,0.4,4.0
hyperthyroid_03,2024-05-02,FT4,2.59,ng/dL,0.8,1.8
hyperthyroid_03,2024-06-29,TSH,0.16,mIU/L,0.4,4.0
hyperthyroid_03,2024-06-29,FT4,2.22,ng/dL,0.8,1.8
hyperthyroid_03,2024-09-05,TSH,0.13,mIU/L,0.4,4.0
hyperthyroid_03,2024-09-05,FT4,2.04,ng/dL,0.8,1.8
hyperthyroid_03,2024-11-13,TSH,0.3,mIU/L,0.4,4.0
hyperthyroid_03,2024-11-13,FT4,2.15,ng/dL,0.8,1.8
hyperthyroid_03,2025-01-19,TSH,0.11,mIU/L,0.4,4.0
hyperthyroid_03,2025-01-19,FT4,2.72,ng/dL,0.8,1.8
hyperthyroid_03,2025-04-09,TSH,0.18,mIU/L,0.4,4.0
hyperthyroid_03,2025-04-09,FT4,2.19,ng/dL,0.8,1.8
hyperthyroid_03,2025-06-19,TSH,0.2,mIU/L,0.4,4.0
hyperthyroid_03,2025-06-19,FT4,2.41,ng/dL,0.8,1.8
hyperthyroid_04,2024-01-01,TSH,0.24,mIU/L,0.4,4.0
hyperthyroid_04,2024-01-01,FT4,2.1,ng/dL,0.8,1.8
hyperthyroid_04,2024-03-05,TSH,0.11,mIU/L,0.4,4.0
hyperthyroid_04,2024-03-05,FT4,2.91,ng/dL,0.8,1.8
hyperthyroid_04,2024-05-07,TSH,0.19,mIU/L,0.4,4.0
hyperthyroid_04,2024-05-07,FT4,2.96,ng/dL,0.8,1.8
hyperthyroid_04,2024-07-14,TSH,0.25,mIU/L,0.4,4.0
hyperthyroid_04,2024-07-14,FT4,2.59,ng/dL,0.8,1.8
hyperthyroid_04,2024-09-23,TSH,0.26,mIU/L,0.4,4.0
hyperthyroid_04,2024-09-23,FT4,2.74,ng/dL,0.8,1.8
hyperthyroid_04,2024-12-01,TSH,0.34,mIU/L,0.4,4.0
hyperthyroid_04,2024-12-01,FT4,2.1,ng/dL,0.8,1.8
hyperthyroid_04,2025-02-15,TSH,0.18,mIU/L,0.4,4.0
hyperthyroid_04,2025-02-15,FT4,2.85,ng/dL,0.8,1.8
hyperthyroid_04,2025-05-04,TSH,0.13,mIU/L,0.4,4.0
hyperthyroid_04,2025-05-04,FT4,2.7,ng/dL,0.8,1.8
hyperthyroid_04,2025-07-31,TSH,0.27,mIU/L,0.4,4.0
hyperthyroid_04,2025-07-31,FT4,2.95,ng/dL,0.8,1.8
hyperthyroid_05,2024-01-01,TSH,0.27,mIU/L,0.4,4.0
hyperthyroid_05,2024-01-01,FT4,2.46,ng/dL,0.8,1.8
hyperthyroid_05,2024-03-12,TSH,0.08,mIU/L,0.4,4.0
hyperthyroid_05,2024-03-12,FT4,2.67,ng/dL,0.8,1.8
hyperthyroid_05,2024-05-20,TSH,0.15,mIU/L,0.4,4.0
hyperthyroid_05,2024-05-20,FT4,2.74,ng/dL,0.8,1.8
hyperthyroid_05,2024-07-25,TSH,0.27,mIU/L,0.4,4.0
hyperthyroid_05,2024-07-25,FT4,1.87,ng/dL,0.8,1.8
hyperthyroid_05,2024-10-06,TSH,0.2,mIU/L,0.4,4.0
hyperthyroid_05,2024-10-06,FT4,2.76,ng/dL,0.8,1.8
hyperthyroid_05,2024-12-15,TSH,0.21,mIU/L,0.4,4.0
hyperthyroid_05,2024-12-15,FT4,2.44,ng/dL,0.8,1.8
hyperthyroid_05,2025-02-20,TSH,0.05,mIU/L,0.4,4.0
hyperthyroid_05,2025-02-20,FT4,1.88,ng/dL,0.8,1.8
hyperthyroid_05,2025-04-23,TSH,0.18,mIU/L,0.4,4.0
hyperthyroid_05,2025-04-23,FT4,1.77,ng/dL,0.8,1.8
hyperthyroid_05,2025-07-05,TSH,0.31,mIU/L,0.4,4.0
hyperthyroid_05,2025-07-05,FT4,2.4,ng/dL,0.8,1.8
hyperthyroid_06,2024-01-01,TSH,0.1,mIU/L,0.4,4.0
hyperthyroid_06,2024-01-01,FT4,2.61,ng/dL,0.8,1.8
hyperthyroid_06,2024-03-09,TSH,0.18,mIU/L,0.4,4.0
hyperthyroid_06,2024-03-09,FT4,2.17,ng/dL,0.8,1.8
hyperthyroid_06,2024-05-16,TSH,0.08,mIU/L,0.4,4.0
hyperthyroid_06,2024-05-16,FT4,2.31,ng/dL,0.8,1.8
hyperthyroid_06,2024-07-27,TSH,0.12,mIU/L,0.4,4.0
hyperthyroid_06,2024-07-27,FT4,2.28,ng/dL,0.8,1.8
hyperthyroid_06,2024-10-12,TSH,0.11,mIU/L,0.4,4.0
hyperthyroid_06,2024-10-12,FT4,2.09,ng/dL,0.8,1.8
hyperthyroid_06,2024-12-24,TSH,0.18,mIU/L,0.4,4.0
hyperthyroid_06,2024-12-24,FT4,2.73,ng/dL,0.8,1.8
hyperthyroid_06,2025-03-12,TSH,0.12,mIU/L,0.4,4.0
hyperthyroid_06,2025-03-12,FT4,2.94,ng/dL,0.8,1.8
hyperthyroid_06,2025-05-25,TSH,0.14,mIU/L,0.4,4.0
hyperthyroid_06,2025-05-25,FT4,2.63,ng/dL,0.8,1.8
hyperthyroid_06,2025-08-02,TSH,0.16,mIU/L,0.4,4.0
hyperthyroid_06,2025-08-02,FT4,3.1,ng/dL,0.8,1.8
anemia_01,2024-01-01,Hemoglobin,9.2,g/dL,12.0,15.5
anemia_01,2024-01-01,Ferritin,2,ng/mL,15,150
anemia_01,2024-03-23,Hemoglobin,10.4,g/dL,12.0,15.5
anemia_01,2024-03-23,Ferritin,12.8,ng/mL,15,150
anemia_01,2024-06-16,Hemoglobin,10.5,g/dL,12.0,15.5
anemia_01,2024-06-16,Ferritin,16.4,ng/mL,15,150
anemia_01,2024-09-09,Hemoglobin,9.4,g/dL,12.0,15.5
anemia_01,2024-09-09,Ferritin,6.3,ng/mL,15,150
anemia_01,2024-12-01,Hemoglobin,10.2,g/dL,12.0,15.5
anemia_01,2024-12-01,Ferritin,23.0,ng/mL,15,150
anemia_01,2025-02-20,Hemoglobin,11.2,g/dL,12.0,15.5
anemia_01,2025-02-20,Ferritin,18.0,ng/mL,15,150
anemia_01,2025-05-10,Hemoglobin,10.9,g/dL,12.0,15.5
anemia_01,2025-05-10,Ferritin,11.8,ng/mL,15,150
anemia_01,2025-07-30,Hemoglobin,9.3,g/dL,12.0,15.5
anemia_01,2025-07-30,Ferritin,13.2,ng/mL,15,150
anemia_02,2024-01-01,Hemoglobin,9.6,g/dL,12.0,15.5
anemia_02,2024-01-01,Ferritin,8.8,ng/mL,15,150
anemia_02,2024-03-20,Hemoglobin,11.7,g/dL,12.0,15.5
anemia_02,2024-03-20,Ferritin,8.7,ng/mL,15,150
anemia_02,2024-06-10,Hemoglobin,10.1,g/dL,12.0,15.5
anemia_02,2024-06-10,Ferritin,14.5,ng/mL,15,150
anemia_02,2024-09-03,Hemoglobin,11.3,g/dL,12.0,15.5
anemia_02,2024-09-03,Ferritin,8.1,ng/mL,15,150
anemia_02,2024-11-21,Hemoglobin,9.2,g/dL,12.0,15.5
anemia_02,2024-11-21,Ferritin,29.2,ng/mL,15,150
anemia_02,2025-02-06,Hemoglobin,9.8,g/dL,12.0,15.5
anemia_02,2025-02-06,Ferritin,6.2,ng/mL,15,150
anemia_02,2025-04-22,Hemoglobin,10.9,g/dL,12.0,15.5
anemia_02,2025-04-22,Ferritin,2,ng/mL,15,150
anemia_02,2025-07-08,Hemoglobin,9.7,g/dL,12.0,15.5
anemia_02,2025-07-08,Ferritin,13.4,ng/mL,15,150
anemia_03,2024-01-01,Hemoglobin,10.0,g/dL,12.0,15.5
anemia_03,2024-01-01,Ferritin,8.3,ng/mL,15,150
anemia_03,2024-03-19,Hemoglobin,8.9,g/dL,12.0,15.5
anemia_03,2024-03-19,Ferritin,3.2,ng/mL,15,150
anemia_03,2024-06-14,Hemoglobin,10.3,g/dL,12.0,15.5
anemia_03,2024-06-14,Ferritin,21.7,ng/mL,15,150
anemia_03,2024-09-07,Hemoglobin,9.8,g/dL,12.0,15.5
anemia_03,2024-09-07,Ferritin,3.4,ng/mL,15,150
anemia_03,2024-11-20,Hemoglobin,8.7,g/dL,12.0,15.5
anemia_03,2024-11-20,Ferritin,7.5,ng/mL,15,150
anemia_03,2025-02-09,Hemoglobin,10.4,g/dL,12.0,15.5
anemia_03,2025-02-09,Ferritin,11.5,ng/mL,15,150
anemia_03,2025-04-27,Hemoglobin,9.2,g/dL,12.0,15.5
anemia_03,2025-04-27,Ferritin,12.1,ng/mL,15,150
anemia_03,2025-07-15,Hemoglobin,8.5,g/dL,12.0,15.5
anemia_03,2025-07-15,Ferritin,9.4,ng/mL,15,150
anemia_04,2024-01-01,Hemoglobin,10.5,g/dL,12.0,15.5
anemia_04,2024-01-01,Ferritin,9.9,ng/mL,15,150
anemia_04,2024-03-22,Hemoglobin,9.2,g/dL,12.0,15.5
anemia_04,2024-03-22,Ferritin,2,ng/mL,15,150
anemia_04,2024-06-10,Hemoglobin,9.9,g/dL,12.0,15.5
anemia_04,2024-06-10,Ferritin,11.1,ng/mL,15,150
anemia_04,2024-09-08,Hemoglobin,9.4,g/dL,12.0,15.5
anemia_04,2024-09-08,Ferritin,19.3,ng/mL,15,150
anemia_04,2024-11-26,Hemoglobin,9.6,g/dL,12.0,15.5
anemia_04,2024-11-26,Ferritin,22.7,ng/mL,15,150
anemia_04,2025-02-20,Hemoglobin,10.7,g/dL,12.0,15.5
anemia_04,2025-02-20,Ferritin,3.8,ng/mL,15,150
anemia_04,2025-05-10,Hemoglobin,10.1,g/dL,12.0,15.5
anemia_04,2025-05-10,Ferritin,10.5,ng/mL,15,150
anemia_04,2025-07-31,Hemoglobin,9.4,g/dL,12.0,15.5
anemia_04,2025-07-31,Ferritin,15.0,ng/mL,15,150
anemia_05,2024-01-01,Hemoglobin,8.3,g/dL,12.0,15.5
anemia_05,2024-01-01,Ferritin,12.1,ng/mL,15,150
anemia_05,2024-03-17,Hemoglobin,10.8,g/dL,12.0,15.5
anemia_05,2024-03-17,Ferritin,8.2,ng/mL,15,150
anemia_05,2024-06-09,Hemoglobin,7.9,g/dL,12.0,15.5
anemia_05,2024-06-09,Ferritin,7.5,ng/mL,15,150
anemia_05,2024-09-04,Hemoglobin,9.8,g/dL,12.0,15.5
anemia_05,2024-09-04,Ferritin,15.0,ng/mL,15,150
anemia_05,2024-11-19,Hemoglobin,8.6,g/dL,12.0,15.5
anemia_05,2024-11-19,Ferritin,17.2,ng/mL,15,150
anemia_05,2025-02-08,Hemoglobin,10.3,g/dL,12.0,15.5
anemia_05,2025-02-08,Ferritin,6.8,ng/mL,15,150
anemia_05,2025-04-30,Hemoglobin,9.8,g/dL,12.0,15.5
anemia_05,2025-04-30,Ferritin,23.2,ng/mL,15,150
anemia_05,2025-07-17,Hemoglobin,9.9,g/dL,12.0,15.5
anemia_05,2025-07-17,Ferritin,24.4,ng/mL,15,150
anemia_06,2024-01-01,Hemoglobin,10.9,g/dL,12.0,15.5
anemia_06,2024-01-01,Ferritin,13.6,ng/mL,15,150
anemia_06,2024-03-17,Hemoglobin,9.8,g/dL,12.0,15.5
anemia_06,2024-03-17,Ferritin,12.7,ng/mL,15,150
anemia_06,2024-06-12,Hemoglobin,9.3,g/dL,12.0,15.5
anemia_06,2024-06-12,Ferritin,10.3,ng/mL,15,150
anemia_06,2024-09-06,Hemoglobin,8.9,g/dL,12.0,15.5
anemia_06,2024-09-06,Ferritin,4.8,ng/mL,15,150
anemia_06,2024-11-30,Hemoglobin,9.6,g/dL,12.0,15.5
anemia_06,2024-11-30,Ferritin,2,ng/mL,15,150
anemia_06,2025-02-15,Hemoglobin,10.0,g/dL,12.0,15.5
anemia_06,2025-02-15,Ferritin,7.5,ng/mL,15,150
anemia_06,2025-05-09,Hemoglobin,8.8,g/dL,12.0,15.5
anemia_06,2025-05-09,Ferritin,9.9,ng/mL,15,150
anemia_06,2025-07-29,Hemoglobin,8.9,g/dL,12.0,15.5
anemia_06,2025-07-29,Ferritin,16.3,ng/mL,15,150
