user_id,age,height_cm,weight_kg,diagnosed_conditions,medications,condition_onset_year,created_at
none_01,38,170.6,75.6,none,,,2024-01-01
none_02,42,161.2,54.5,none,,,2024-01-01
none_03,27,159.4,76.2,none,,,2024-01-01
none_04,38,164.0,58.2,none,,,2024-01-01
none_05,18,149.8,69.0,none,,,2024-01-01
none_06,29,165.8,71.9,none,,,2024-01-01
pcos_01,24,165.0,94.3,pcos,metformin 500mg,2023,2024-01-01
pcos_02,39,159.1,78.3,pcos,metformin 500mg,2020,2024-01-01
pcos_03,40,165.7,87.4,pcos,metformin 500mg,2020,2024-01-01
pcos_04,30,155.7,88.2,pcos,metformin 500mg,2019,2024-01-01
pcos_05,31,156.5,67.1,pcos,metformin 500mg,2021,2024-01-01
pcos_06,32,175.8,84.0,pcos,metformin 500mg,2023,2024-01-01
hypothyroid_01,19,167.9,53.4,hypothyroid,levothyroxine 50mcg,2023,2024-01-01
hypothyroid_02,39,161.5,61.9,hypothyroid,levothyroxine 50mcg,2018,2024-01-01
hypothyroid_03,27,155.7,64.8,hypothyroid,levothyroxine 50mcg,2022,2024-01-01
hypothyroid_04,38,163.6,44.3,hypothyroid,levothyroxine 50mcg,2019,2024-01-01
hypothyroid_05,18,165.7,61.4,hypothyroid,levothyroxine 50mcg,2022,2024-01-01
hypothyroid_06,42,178.1,59.2,hypothyroid,levothyroxine 50mcg,2018,2024-01-01
hyperthyroid_01,29,167.6,55.2,hyperthyroid,methimazole 10mg,2022,2024-01-01
hyperthyroid_02,26,160.2,72.5,hyperthyroid,methimazole 10mg,2022,2024-01-01
hyperthyroid_03,42,163.5,73.8,hyperthyroid,methimazole 10mg,2018,2024-01-01
hyperthyroid_04,29,155.8,59.8,hyperthyroid,methimazole 10mg,2020,2024-01-01
hyperthyroid_05,32,171.1,54.4,hyperthyroid,methimazole 10mg,2023,2024-01-01
hyperthyroid_06,33,163.8,52.9,hyperthyroid,methimazole 10mg,2020,2024-01-01
anemia_01,21,154.4,57.7,anemia,ferrous sulfate 325mg,2022,2024-01-01
anemia_02,22,161.1,77.0,anemia,ferrous sulfate 325mg,2021,2024-01-01
anemia_03,29,171.4,63.1,anemia,ferrous sulfate 325mg,2019,2024-01-01
anemia_04,37,165.3,58.6,anemia,ferrous sulfate 325mg,2020,2024-01-01
anemia_05,32,155.3,74.5,anemia,ferrous sulfate 325mg,2023,2024-01-01
anemia_06,19,150.5,66.9,anemia,ferrous sulfate 325mg,2023,2024-01-01
